Well_ID,Depth_m,Formation,GR_API,NPHI_frac,RHOB_gcc,RT_ohmm,SW_frac
Well_A,2000.0,Shale_Cap,138.0,0.142,2.512,3.78,0.977
Well_A,2000.5,Shale_Cap,131.9,0.041,2.467,4.67,0.953
Well_A,2001.0,Shale_Cap,130.6,0.169,2.46,3.62,0.986
Well_A,2001.5,Shale_Cap,128.3,0.107,2.51,5.52,0.927
Well_A,2002.0,Shale_Cap,120.5,0.162,2.46,2.39,0.98
Well_A,2002.5,Shale_Cap,107.4,0.109,2.459,3.53,0.969
Well_A,2003.0,Shale_Cap,,0.143,2.463,3.43,0.929
Well_A,2003.5,Shale_Cap,116.5,0.154,2.533,3.8,0.955
Well_A,2004.0,Shale_Cap,129.6,0.12,2.544,3.48,0.951
Well_A,2004.5,Shale_Cap,114.0,0.144,2.522,2.52,0.918
Well_A,2005.0,Shale_Cap,,0.124,2.593,4.82,0.934
Well_A,2005.5,Shale_Cap,129.1,0.156,2.521,,0.914
Well_A,2006.0,Shale_Cap,139.2,0.097,2.53,2.38,0.964
Well_A,2006.5,Shale_Cap,126.2,0.048,2.52,3.3,0.964
Well_A,2007.0,Shale_Cap,99.6,0.178,,3.59,0.923
Well_A,2007.5,Shale_Cap,130.1,0.168,2.468,3.34,0.978
Well_A,2008.0,Shale_Cap,123.9,0.096,2.53,5.62,0.923
Well_A,2008.5,Shale_Cap,124.4,0.152,2.524,3.2,0.968
Well_A,2009.0,Shale_Cap,112.5,0.192,2.48,4.45,0.992
Well_A,2009.5,Shale_Cap,112.6,0.083,2.476,2.97,
Well_A,2010.0,Shale_Cap,119.0,0.123,2.548,4.68,0.902
Well_A,2010.5,Shale_Cap,131.5,0.099,2.455,4.57,0.946
Well_A,2011.0,Shale_Cap,110.6,0.105,2.557,,
Well_A,2011.5,Shale_Cap,120.6,0.081,2.523,3.66,0.974
Well_A,2012.0,Reservoir_1,39.1,0.356,2.21,145.94,0.176
Well_A,2012.5,Reservoir_1,26.9,0.242,,196.71,0.195
Well_A,2013.0,Reservoir_1,50.8,0.198,2.136,106.85,0.05
Well_A,2013.5,Reservoir_1,54.3,0.339,2.155,130.49,0.207
Well_A,2014.0,Reservoir_1,51.0,0.315,2.183,914.01,0.154
Well_A,2014.5,Reservoir_1,,0.301,2.199,219.84,0.216
Well_A,2015.0,Reservoir_1,48.9,0.318,2.228,155.79,0.298
Well_A,2015.5,Reservoir_1,32.0,0.344,2.202,213.08,
Well_A,2016.0,Reservoir_1,,0.229,2.251,93.67,0.158
Well_A,2016.5,Reservoir_1,39.8,0.18,2.315,471.83,0.216
Well_A,2017.0,Reservoir_1,35.7,0.303,2.202,164.8,0.214
Well_A,2017.5,Reservoir_1,44.4,0.289,2.161,79.18,0.295
Well_A,2018.0,Reservoir_1,38.7,0.277,2.141,86.15,0.207
Well_A,2018.5,Reservoir_1,35.6,0.294,2.188,116.51,0.202
Well_A,2019.0,Reservoir_1,36.2,0.322,2.176,557.12,0.298
Well_A,2019.5,Reservoir_1,27.8,0.239,2.29,55.43,0.061
Well_A,2020.0,Reservoir_1,48.7,0.364,2.166,162.92,0.19
Well_A,2020.5,Reservoir_1,48.0,0.324,2.013,190.68,0.151
Well_A,2021.0,Reservoir_1,,0.23,2.195,108.6,0.17
Well_A,2021.5,Reservoir_1,24.2,0.225,,,0.351
Well_A,2022.0,Reservoir_1,36.3,,2.129,57.42,0.166
Well_A,2022.5,Reservoir_1,41.2,0.26,2.137,168.35,0.173
Well_A,2023.0,Reservoir_1,31.7,0.226,2.152,67.68,0.151
Well_A,2023.5,Reservoir_1,41.1,0.265,2.193,347.9,0.292
Well_A,2024.0,Reservoir_1,19.9,0.285,2.141,110.86,0.289
Well_A,2024.5,Reservoir_1,41.2,0.273,2.171,126.47,0.117
Well_A,2025.0,Reservoir_1,36.5,0.325,2.141,125.33,0.302
Well_A,2025.5,Reservoir_1,57.6,0.195,2.161,57.37,0.171
Well_A,2026.0,Reservoir_1,50.9,0.281,2.176,,0.308
Well_A,2026.5,Reservoir_1,31.6,0.269,2.199,92.63,0.232
Well_A,2027.0,Reservoir_1,36.1,0.271,2.116,102.1,0.389
Well_A,2027.5,Reservoir_1,33.7,0.26,2.188,132.35,0.151
Well_A,2028.0,Reservoir_1,31.4,0.248,2.177,36.85,0.244
Well_A,2028.5,Reservoir_1,33.8,0.283,2.172,129.52,0.126
Well_A,2029.0,Reservoir_1,,0.29,2.127,62.88,0.055
Well_A,2029.5,Reservoir_1,35.1,0.269,2.2,7.99,0.05
Well_A,2030.0,Reservoir_1,47.3,0.315,2.187,36.35,0.207
Well_A,2030.5,Reservoir_1,56.4,0.287,2.162,77.98,0.104
Well_A,2031.0,Reservoir_1,40.3,0.377,,,0.259
Well_A,2031.5,Reservoir_1,22.8,0.305,2.18,44.75,0.223
Well_A,2032.0,Reservoir_1,55.9,0.26,2.105,,0.154
Well_A,2032.5,Reservoir_1,48.6,0.267,2.244,110.85,0.167
Well_A,2033.0,Reservoir_1,40.7,0.271,2.121,112.02,0.133
Well_A,2033.5,Reservoir_1,21.8,0.286,2.182,436.63,0.144
Well_A,2034.0,Reservoir_1,,0.24,2.223,237.71,0.243
Well_A,2034.5,Reservoir_1,57.6,0.335,2.154,211.01,0.197
Well_A,2035.0,Reservoir_1,38.8,0.238,2.178,489.0,0.168
Well_A,2035.5,Reservoir_1,21.7,0.264,2.176,,0.173
Well_A,2036.0,Reservoir_1,,0.35,2.21,128.83,0.192
Well_A,2036.5,Reservoir_1,19.5,0.36,,86.69,0.342
Well_A,2037.0,Reservoir_1,45.8,,2.103,167.5,0.17
Well_A,2037.5,Reservoir_1,59.7,0.285,,131.39,0.315
Well_A,2038.0,Reservoir_1,40.6,0.229,2.066,141.89,0.16
Well_A,2038.5,Reservoir_1,,0.323,2.189,310.36,0.174
Well_A,2039.0,Reservoir_1,10.1,0.254,2.196,,0.212
Well_A,2039.5,Reservoir_1,44.9,0.232,2.187,220.28,0.206
Well_A,2040.0,Reservoir_1,59.5,0.242,2.194,112.01,0.244
Well_A,2040.5,Reservoir_1,34.3,0.314,2.217,,0.159
Well_A,2041.0,Reservoir_1,27.3,0.289,2.197,301.26,0.292
Well_A,2041.5,Reservoir_1,,0.292,2.202,358.11,0.129
Well_A,2042.0,Transition,72.9,0.137,2.503,16.06,0.576
Well_A,2042.5,Transition,61.5,0.144,2.361,28.42,0.741
Well_A,2043.0,Transition,89.4,0.176,2.34,,0.673
Well_A,2043.5,Transition,78.0,0.17,2.416,7.95,0.564
Well_A,2044.0,Transition,74.5,0.225,2.382,19.5,0.754
Well_A,2044.5,Transition,73.1,0.153,2.317,5.34,0.702
Well_A,2045.0,Transition,82.3,0.228,2.356,,0.54
Well_A,2045.5,Transition,85.6,0.159,2.348,6.71,0.648
Well_A,2046.0,Transition,85.1,0.179,2.327,6.6,0.72
Well_A,2046.5,Transition,80.8,0.167,2.328,13.88,0.751
Well_A,2047.0,Transition,71.1,0.169,2.38,6.02,0.718
Well_A,2047.5,Transition,88.2,0.11,2.4,3.31,
Well_A,2048.0,Transition,88.7,0.193,2.368,27.39,0.602
Well_A,2048.5,Transition,66.1,0.18,2.351,9.82,
Well_A,2049.0,Transition,,0.127,2.389,6.41,0.786
Well_A,2049.5,Transition,62.4,0.193,2.406,17.21,0.625
Well_A,2050.0,Transition,,0.185,2.385,34.1,0.727
Well_A,2050.5,Transition,82.0,,2.315,9.53,0.735
Well_A,2051.0,Transition,91.3,0.209,2.359,12.06,0.577
Well_A,2051.5,Transition,58.7,0.186,2.388,14.62,0.594
Well_A,2052.0,Reservoir_2,39.6,0.216,2.175,54.92,0.18
Well_A,2052.5,Reservoir_2,55.4,0.307,2.258,90.78,0.169
Well_A,2053.0,Reservoir_2,38.8,0.247,2.191,74.98,0.238
Well_A,2053.5,Reservoir_2,49.3,0.277,2.179,386.16,0.357
Well_A,2054.0,Reservoir_2,52.7,0.279,,129.16,0.267
Well_A,2054.5,Reservoir_2,,0.269,2.209,280.0,0.412
Well_A,2055.0,Reservoir_2,62.9,0.235,2.276,94.81,0.344
Well_A,2055.5,Reservoir_2,40.7,0.322,2.26,61.51,0.381
Well_A,2056.0,Reservoir_2,39.5,0.232,2.25,41.43,0.229
Well_A,2056.5,Reservoir_2,45.4,0.249,2.3,88.01,0.373
Well_A,2057.0,Reservoir_2,33.2,0.239,2.272,30.67,0.322
Well_A,2057.5,Reservoir_2,36.1,0.197,2.137,103.32,0.146
Well_A,2058.0,Reservoir_2,40.0,0.307,2.259,108.65,0.264
Well_A,2058.5,Reservoir_2,44.4,0.288,2.166,424.2,0.314
Well_A,2059.0,Reservoir_2,39.4,0.212,2.256,97.65,0.243
Well_A,2059.5,Reservoir_2,25.1,0.316,2.274,,0.182
Well_A,2060.0,Reservoir_2,51.7,,2.189,137.38,0.313
Well_A,2060.5,Reservoir_2,55.1,0.281,2.131,54.52,0.184
Well_A,2061.0,Reservoir_2,55.0,0.206,2.169,75.11,0.206
Well_A,2061.5,Reservoir_2,37.7,0.316,2.166,,0.255
Well_A,2062.0,Reservoir_2,65.9,0.311,2.265,43.87,0.246
Well_A,2062.5,Reservoir_2,39.2,0.181,2.25,100.65,0.341
Well_A,2063.0,Reservoir_2,51.1,0.231,2.141,62.92,0.275
Well_A,2063.5,Reservoir_2,31.6,0.206,2.307,266.72,
Well_A,2064.0,Reservoir_2,,0.291,2.193,74.33,0.285
Well_A,2064.5,Reservoir_2,44.3,0.326,2.197,93.33,0.198
Well_A,2065.0,Reservoir_2,52.5,0.258,2.26,25.36,0.191
Well_A,2065.5,Reservoir_2,40.3,0.195,2.101,35.69,0.367
Well_A,2066.0,Reservoir_2,45.5,0.317,2.145,161.82,0.29
Well_A,2066.5,Reservoir_2,40.4,0.19,2.185,111.16,0.324
Well_A,2067.0,Reservoir_2,61.5,0.215,2.242,,0.299
Well_A,2067.5,Reservoir_2,35.0,0.267,2.222,,0.181
Well_A,2068.0,Reservoir_2,49.8,,,73.96,0.205
Well_A,2068.5,Reservoir_2,36.7,0.3,2.168,,0.232
Well_A,2069.0,Reservoir_2,44.4,0.266,2.239,49.05,0.288
Well_A,2069.5,Reservoir_2,59.8,0.271,2.146,18.21,0.223
Well_A,2070.0,Reservoir_2,32.6,0.298,2.251,76.48,0.125
Well_A,2070.5,Reservoir_2,36.5,0.24,2.221,232.51,0.234
Well_A,2071.0,Reservoir_2,40.9,0.231,2.275,105.77,0.266
Well_A,2071.5,Reservoir_2,34.9,0.231,2.261,194.87,0.309
Well_A,2072.0,Reservoir_2,54.8,0.164,2.245,86.14,0.205
Well_A,2072.5,Reservoir_2,,0.29,2.219,110.53,0.38
Well_A,2073.0,Reservoir_2,39.3,0.232,2.148,,0.407
Well_A,2073.5,Reservoir_2,46.6,0.258,2.225,92.44,0.34
Well_A,2074.0,Reservoir_2,,0.252,2.213,80.58,0.247
Well_A,2074.5,Reservoir_2,40.0,0.22,2.196,307.76,0.306
Well_A,2075.0,Reservoir_2,40.9,0.284,2.24,96.07,0.3
Well_A,2075.5,Reservoir_2,69.9,0.352,2.22,82.49,0.334
Well_A,2076.0,Basement,66.2,0.057,2.752,1578.81,0.963
Well_A,2076.5,Basement,103.5,0.052,2.652,84.24,0.965
Well_A,2077.0,Basement,86.6,,2.658,1377.77,1.0
Well_A,2077.5,Basement,66.2,0.034,2.606,313.95,0.951
Well_A,2078.0,Basement,52.1,0.03,2.597,679.42,0.992
Well_A,2078.5,Basement,124.2,0.053,2.653,588.45,0.944
Well_A,2079.0,Basement,91.4,,2.661,374.17,0.985
Well_A,2079.5,Basement,84.6,0.042,2.699,927.12,0.969
Well_A,2080.0,Basement,78.8,0.037,2.637,573.3,0.942
Well_A,2080.5,Basement,79.6,0.034,2.668,1571.82,0.976
Well_A,2081.0,Basement,98.2,,2.567,597.17,0.945
Well_A,2081.5,Basement,98.9,0.032,2.591,378.9,0.955
Well_A,2082.0,Basement,83.8,0.063,2.737,308.37,0.959
Well_A,2082.5,Basement,88.7,0.033,2.666,366.6,0.983
Well_A,2083.0,Basement,98.9,0.036,2.63,327.89,1.0
Well_A,2083.5,Basement,69.9,0.067,2.69,,1.0
Well_A,2084.0,Basement,,0.048,2.765,167.4,0.991
Well_A,2084.5,Basement,79.2,0.068,2.647,,1.0
Well_A,2085.0,Basement,69.2,0.087,2.652,784.44,0.991
Well_A,2085.5,Basement,,0.059,2.615,,0.975
Well_A,2086.0,Basement,66.6,0.046,2.728,55.34,0.989
Well_A,2086.5,Basement,59.0,0.058,2.641,715.62,0.967
Well_A,2087.0,Basement,90.0,0.052,2.577,238.79,0.98
Well_A,2087.5,Basement,62.3,0.03,2.744,708.99,0.974
Well_A,2088.0,Basement,98.8,0.053,2.63,141.15,0.961
Well_A,2088.5,Basement,75.3,0.043,2.718,448.28,0.973
Well_A,2089.0,Basement,90.7,,2.711,454.17,0.976
Well_A,2089.5,Basement,104.9,0.048,2.699,264.11,0.995
Well_B,2045.0,Shale_Cap,110.7,0.204,2.495,2.81,0.991
Well_B,2045.5,Shale_Cap,121.9,,2.524,,0.986
Well_B,2046.0,Shale_Cap,135.1,0.167,2.535,,0.917
Well_B,2046.5,Shale_Cap,107.3,0.111,2.553,4.31,0.965
Well_B,2047.0,Shale_Cap,114.0,0.151,2.5,7.63,0.942
Well_B,2047.5,Shale_Cap,108.3,0.177,2.501,2.8,0.972
Well_B,2048.0,Shale_Cap,108.0,0.17,2.537,4.66,
Well_B,2048.5,Shale_Cap,121.8,0.178,2.521,6.23,0.956
Well_B,2049.0,Shale_Cap,105.2,0.104,2.517,4.09,0.992
Well_B,2049.5,Shale_Cap,112.3,0.156,2.493,,0.94
Well_B,2050.0,Shale_Cap,116.6,0.115,2.574,2.67,0.95
Well_B,2050.5,Shale_Cap,120.1,0.144,2.524,5.74,0.992
Well_B,2051.0,Shale_Cap,130.7,0.171,2.577,4.11,0.938
Well_B,2051.5,Shale_Cap,132.4,0.115,2.458,4.88,1.0
Well_B,2052.0,Shale_Cap,109.8,0.151,2.47,4.02,0.924
Well_B,2052.5,Shale_Cap,126.8,0.139,2.497,7.81,0.935
Well_B,2053.0,Shale_Cap,105.2,0.144,2.555,8.65,0.96
Well_B,2053.5,Shale_Cap,103.2,0.137,2.508,,0.966
Well_B,2054.0,Shale_Cap,123.9,0.113,2.576,3.62,0.973
Well_B,2054.5,Shale_Cap,120.9,0.123,2.481,3.87,0.967
Well_B,2055.0,Shale_Cap,134.7,0.155,2.503,,0.958
Well_B,2055.5,Shale_Cap,117.9,0.153,2.544,5.37,0.965
Well_B,2056.0,Shale_Cap,131.5,0.187,2.486,3.25,0.937
Well_B,2056.5,Shale_Cap,108.4,0.167,2.551,3.47,0.969
Well_B,2057.0,Reservoir_1,52.2,0.281,2.145,97.25,0.178
Well_B,2057.5,Reservoir_1,,,2.257,,0.294
Well_B,2058.0,Reservoir_1,44.0,0.277,2.12,33.85,0.071
Well_B,2058.5,Reservoir_1,21.3,0.321,2.189,112.45,
Well_B,2059.0,Reservoir_1,,0.267,2.228,128.2,0.238
Well_B,2059.5,Reservoir_1,24.4,0.258,2.222,201.49,0.289
Well_B,2060.0,Reservoir_1,36.5,0.252,,320.43,0.256
Well_B,2060.5,Reservoir_1,38.2,0.237,2.193,195.78,0.188
Well_B,2061.0,Reservoir_1,35.6,0.271,2.163,99.13,0.185
Well_B,2061.5,Reservoir_1,31.6,0.26,2.191,62.59,0.351
Well_B,2062.0,Reservoir_1,24.7,0.273,2.178,91.51,0.212
Well_B,2062.5,Reservoir_1,10.4,0.234,2.211,116.38,0.177
Well_B,2063.0,Reservoir_1,36.1,,2.195,121.4,0.148
Well_B,2063.5,Reservoir_1,60.5,0.256,2.135,29.8,0.176
Well_B,2064.0,Reservoir_1,18.7,0.27,2.197,96.78,
Well_B,2064.5,Reservoir_1,28.7,0.324,2.175,99.95,0.18
Well_B,2065.0,Reservoir_1,43.7,0.246,2.232,93.12,0.13
Well_B,2065.5,Reservoir_1,49.2,0.315,2.184,117.6,0.133
Well_B,2066.0,Reservoir_1,45.6,0.279,2.059,60.44,0.171
Well_B,2066.5,Reservoir_1,46.3,0.272,2.126,180.6,0.329
Well_B,2067.0,Reservoir_1,43.1,0.322,2.184,76.76,0.205
Well_B,2067.5,Reservoir_1,54.6,,2.18,49.87,0.199
Well_B,2068.0,Reservoir_1,38.3,0.345,2.201,112.7,0.224
Well_B,2068.5,Reservoir_1,46.8,0.305,2.135,21.35,
Well_B,2069.0,Reservoir_1,41.1,0.318,2.136,261.33,0.095
Well_B,2069.5,Reservoir_1,38.6,0.299,2.193,94.48,0.222
Well_B,2070.0,Reservoir_1,29.5,0.304,2.121,97.14,0.174
Well_B,2070.5,Reservoir_1,42.2,0.346,2.085,60.17,0.091
Well_B,2071.0,Reservoir_1,26.9,0.27,2.252,109.79,0.153
Well_B,2071.5,Reservoir_1,21.2,0.373,2.194,94.54,0.208
Well_B,2072.0,Reservoir_1,41.2,0.333,2.273,45.28,0.283
Well_B,2072.5,Reservoir_1,45.8,0.219,2.144,254.76,0.243
Well_B,2073.0,Reservoir_1,30.6,0.371,2.219,57.1,0.127
Well_B,2073.5,Reservoir_1,,,2.188,,
Well_B,2074.0,Reservoir_1,45.9,0.379,2.119,172.53,0.22
Well_B,2074.5,Reservoir_1,39.9,0.318,2.196,268.89,0.226
Well_B,2075.0,Reservoir_1,18.9,0.263,2.17,428.47,0.103
Well_B,2075.5,Reservoir_1,51.3,0.306,2.188,,0.347
Well_B,2076.0,Reservoir_1,53.5,0.362,2.192,21.79,0.237
Well_B,2076.5,Reservoir_1,49.8,0.332,2.227,208.59,0.164
Well_B,2077.0,Reservoir_1,,0.323,2.137,104.5,0.261
Well_B,2077.5,Reservoir_1,40.4,0.268,2.188,424.85,0.143
Well_B,2078.0,Reservoir_1,35.9,0.365,2.182,166.46,0.288
Well_B,2078.5,Reservoir_1,50.0,0.329,2.194,280.21,0.336
Well_B,2079.0,Reservoir_1,38.9,0.264,2.189,159.97,0.273
Well_B,2079.5,Reservoir_1,19.9,0.286,2.129,23.42,0.186
Well_B,2080.0,Reservoir_1,42.5,0.29,2.235,49.67,0.364
Well_B,2080.5,Reservoir_1,42.8,0.309,2.136,105.62,0.268
Well_B,2081.0,Reservoir_1,34.1,0.379,2.179,119.35,0.355
Well_B,2081.5,Reservoir_1,19.3,0.304,2.169,,0.341
Well_B,2082.0,Reservoir_1,44.0,,2.173,222.08,0.304
Well_B,2082.5,Reservoir_1,24.7,0.333,2.124,47.25,0.188
Well_B,2083.0,Reservoir_1,40.8,0.353,,153.64,0.234
Well_B,2083.5,Reservoir_1,82.0,0.297,2.194,,0.215
Well_B,2084.0,Reservoir_1,20.2,0.303,2.163,,0.106
Well_B,2084.5,Reservoir_1,30.3,0.294,2.183,140.72,0.158
Well_B,2085.0,Reservoir_1,44.8,0.372,2.226,359.73,0.389
Well_B,2085.5,Reservoir_1,43.4,0.319,2.205,,0.214
Well_B,2086.0,Reservoir_1,23.1,0.333,2.202,1216.12,0.32
Well_B,2086.5,Reservoir_1,33.8,0.328,2.232,133.82,0.279
Well_B,2087.0,Transition,85.3,0.211,2.34,16.17,0.694
Well_B,2087.5,Transition,92.0,0.202,2.342,7.74,0.648
Well_B,2088.0,Transition,89.9,0.249,2.401,8.83,0.632
Well_B,2088.5,Transition,64.2,0.202,2.482,5.67,0.597
Well_B,2089.0,Transition,73.3,0.177,2.337,6.51,0.587
Well_B,2089.5,Transition,81.1,0.211,2.385,7.62,0.637
Well_B,2090.0,Transition,64.8,0.205,2.351,8.49,0.542
Well_B,2090.5,Transition,65.7,0.184,2.331,18.62,0.601
Well_B,2091.0,Transition,77.0,0.155,2.415,9.71,0.721
Well_B,2091.5,Transition,79.7,0.231,2.411,10.63,0.601
Well_B,2092.0,Transition,92.4,0.213,,12.57,0.633
Well_B,2092.5,Transition,75.1,0.184,2.314,13.24,0.675
Well_B,2093.0,Transition,60.0,0.224,,16.29,0.694
Well_B,2093.5,Transition,95.3,0.217,2.35,38.87,0.728
Well_B,2094.0,Transition,84.4,0.197,2.352,7.44,0.732
Well_B,2094.5,Transition,81.1,0.175,2.436,6.57,0.552
Well_B,2095.0,Transition,86.2,0.231,2.408,15.62,0.606
Well_B,2095.5,Transition,75.6,0.183,2.336,15.95,
Well_B,2096.0,Transition,56.2,0.21,2.397,5.84,0.543
Well_B,2096.5,Transition,74.8,0.243,2.358,12.01,0.622
Well_B,2097.0,Reservoir_2,40.1,0.368,2.227,32.31,0.397
Well_B,2097.5,Reservoir_2,,0.271,2.238,93.46,0.378
Well_B,2098.0,Reservoir_2,38.4,0.232,2.168,27.06,0.226
Well_B,2098.5,Reservoir_2,39.1,0.321,2.265,85.28,0.294
Well_B,2099.0,Reservoir_2,45.8,0.319,2.151,,0.308
Well_B,2099.5,Reservoir_2,29.5,0.23,2.159,27.39,0.215
Well_B,2100.0,Reservoir_2,,0.25,2.306,82.43,0.298
Well_B,2100.5,Reservoir_2,,0.256,2.221,228.78,0.4
Well_B,2101.0,Reservoir_2,37.4,0.291,2.199,46.94,0.289
Well_B,2101.5,Reservoir_2,48.8,,2.18,64.24,0.267
Well_B,2102.0,Reservoir_2,52.3,0.242,2.204,59.66,0.207
Well_B,2102.5,Reservoir_2,65.3,0.279,2.218,85.46,0.44
Well_B,2103.0,Reservoir_2,45.9,0.223,2.231,269.76,0.277
Well_B,2103.5,Reservoir_2,53.4,0.317,2.13,106.25,0.276
Well_B,2104.0,Reservoir_2,66.9,0.183,2.322,101.19,0.283
Well_B,2104.5,Reservoir_2,10.2,,2.147,41.91,0.394
Well_B,2105.0,Reservoir_2,,0.288,2.204,30.71,0.136
Well_B,2105.5,Reservoir_2,49.2,0.282,2.153,140.08,0.233
Well_B,2106.0,Reservoir_2,51.8,0.264,2.227,46.81,0.353
Well_B,2106.5,Reservoir_2,39.1,0.29,,65.75,0.363
Well_B,2107.0,Reservoir_2,34.7,0.286,2.179,150.52,0.392
Well_B,2107.5,Reservoir_2,38.7,0.329,2.151,38.94,0.276
Well_B,2108.0,Reservoir_2,47.7,0.296,,55.64,0.403
Well_B,2108.5,Reservoir_2,47.5,0.285,2.144,,0.129
Well_B,2109.0,Reservoir_2,31.8,0.254,2.19,65.76,0.293
Well_B,2109.5,Reservoir_2,64.9,0.282,2.124,309.84,0.258
Well_B,2110.0,Reservoir_2,74.5,,2.19,47.09,0.265
Well_B,2110.5,Reservoir_2,,0.247,2.215,90.98,0.344
Well_B,2111.0,Reservoir_2,,0.282,,36.98,0.223
Well_B,2111.5,Reservoir_2,58.1,0.199,2.211,29.21,0.211
Well_B,2112.0,Reservoir_2,51.2,0.335,2.193,53.92,0.232
Well_B,2112.5,Reservoir_2,43.2,0.291,2.137,117.54,0.422
Well_B,2113.0,Reservoir_2,33.4,0.231,2.23,89.55,0.173
Well_B,2113.5,Reservoir_2,47.9,0.256,2.247,71.07,0.315
Well_B,2114.0,Reservoir_2,47.7,0.316,2.254,20.0,0.303
Well_B,2114.5,Reservoir_2,57.0,0.379,2.207,279.43,0.076
Well_B,2115.0,Reservoir_2,57.4,0.228,2.257,75.35,0.353
Well_B,2115.5,Reservoir_2,44.3,0.258,2.346,63.58,0.106
Well_B,2116.0,Reservoir_2,41.1,0.267,2.16,32.66,0.294
Well_B,2116.5,Reservoir_2,37.0,0.311,2.159,234.25,0.242
Well_B,2117.0,Reservoir_2,57.9,0.314,2.225,67.72,0.16
Well_B,2117.5,Reservoir_2,39.3,0.281,2.217,103.78,0.227
Well_B,2118.0,Reservoir_2,27.0,0.243,2.235,145.19,0.267
Well_B,2118.5,Reservoir_2,64.0,,2.299,183.51,0.337
Well_B,2119.0,Reservoir_2,41.1,0.252,2.211,92.48,0.135
Well_B,2119.5,Reservoir_2,39.9,,2.171,56.22,0.309
Well_B,2120.0,Reservoir_2,39.6,0.317,2.225,294.88,0.169
Well_B,2120.5,Reservoir_2,55.1,0.211,2.193,49.99,0.35
Well_B,2121.0,Basement,,0.049,2.536,263.71,0.963
Well_B,2121.5,Basement,73.8,0.064,2.8,470.53,0.97
Well_B,2122.0,Basement,,0.091,2.712,522.49,0.958
Well_B,2122.5,Basement,,0.113,2.716,398.25,1.0
Well_B,2123.0,Basement,91.6,0.094,2.703,2000.0,0.96
Well_B,2123.5,Basement,91.8,0.1,2.639,945.12,
Well_B,2124.0,Basement,61.2,0.071,2.755,159.34,0.944
Well_B,2124.5,Basement,84.0,0.084,2.721,918.36,0.978
Well_B,2125.0,Basement,52.3,0.064,,1075.78,0.951
Well_B,2125.5,Basement,101.7,0.084,2.662,151.86,0.987
Well_B,2126.0,Basement,109.1,0.038,2.619,731.38,1.0
Well_B,2126.5,Basement,101.8,0.059,2.687,569.38,
Well_B,2127.0,Basement,100.0,0.108,2.688,568.15,0.997
Well_B,2127.5,Basement,109.0,0.045,2.717,553.59,0.944
Well_B,2128.0,Basement,92.2,0.093,2.554,733.02,0.977
Well_B,2128.5,Basement,,0.073,2.732,310.5,0.979
Well_B,2129.0,Basement,80.9,0.095,2.619,722.96,0.993
Well_B,2129.5,Basement,81.5,0.057,2.677,904.21,0.969
Well_B,2130.0,Basement,55.0,0.112,2.641,,0.973
Well_B,2130.5,Basement,69.7,0.105,2.698,292.8,0.986
Well_B,2131.0,Basement,64.2,,2.626,674.98,0.937
Well_B,2131.5,Basement,71.2,,2.69,1364.97,0.989
Well_B,2132.0,Basement,,0.075,,382.18,0.973
Well_B,2132.5,Basement,59.9,0.078,2.677,380.91,0.972
Well_B,2133.0,Basement,,0.077,2.688,,0.976
Well_B,2133.5,Basement,119.1,0.103,2.673,119.73,0.957
Well_B,2134.0,Basement,61.5,0.071,2.667,240.59,0.978
Well_B,2134.5,Basement,99.0,0.09,,801.54,0.959
Well_C,1985.0,Shale_Cap,123.0,0.069,2.537,3.89,0.975
Well_C,1985.5,Shale_Cap,117.9,0.115,2.464,4.56,0.973
Well_C,1986.0,Shale_Cap,109.5,0.124,2.57,7.19,0.982
Well_C,1986.5,Shale_Cap,107.2,0.063,2.466,5.29,0.914
Well_C,1987.0,Shale_Cap,95.7,0.071,2.522,2.21,0.994
Well_C,1987.5,Shale_Cap,121.6,0.137,2.575,3.5,0.96
Well_C,1988.0,Shale_Cap,120.9,0.079,2.58,6.43,0.941
Well_C,1988.5,Shale_Cap,108.3,0.056,2.535,3.45,0.896
Well_C,1989.0,Shale_Cap,133.1,0.138,2.547,,0.943
Well_C,1989.5,Shale_Cap,,0.108,2.478,3.15,0.898
Well_C,1990.0,Shale_Cap,107.7,0.105,2.506,3.88,0.952
Well_C,1990.5,Shale_Cap,,0.121,2.575,1.69,0.91
Well_C,1991.0,Shale_Cap,137.3,0.07,2.472,2.62,0.941
Well_C,1991.5,Shale_Cap,130.0,0.037,,,0.991
Well_C,1992.0,Shale_Cap,,0.122,2.571,4.22,0.988
Well_C,1992.5,Shale_Cap,141.3,0.096,2.502,3.2,0.973
Well_C,1993.0,Shale_Cap,114.0,0.064,2.563,2.52,0.934
Well_C,1993.5,Shale_Cap,,0.162,2.519,2.51,0.97
Well_C,1994.0,Shale_Cap,118.8,0.088,2.512,3.36,0.987
Well_C,1994.5,Shale_Cap,115.5,0.125,2.483,5.06,0.978
Well_C,1995.0,Shale_Cap,128.5,0.091,2.549,4.91,0.916
Well_C,1995.5,Shale_Cap,128.6,0.091,2.459,1.79,0.917
Well_C,1996.0,Shale_Cap,126.2,0.084,2.515,3.69,0.979
Well_C,1996.5,Shale_Cap,99.3,0.086,2.566,3.41,
Well_C,1997.0,Reservoir_1,24.4,0.219,2.148,,0.169
Well_C,1997.5,Reservoir_1,24.6,0.261,2.216,68.17,0.214
Well_C,1998.0,Reservoir_1,19.6,0.31,,,0.198
Well_C,1998.5,Reservoir_1,47.9,0.228,2.268,151.07,0.185
Well_C,1999.0,Reservoir_1,40.6,0.254,2.17,162.46,0.177
Well_C,1999.5,Reservoir_1,30.8,0.26,2.303,,0.242
Well_C,2000.0,Reservoir_1,41.1,0.342,2.21,114.07,0.168
Well_C,2000.5,Reservoir_1,54.2,0.259,2.215,63.95,
Well_C,2001.0,Reservoir_1,53.2,0.274,2.225,37.42,0.289
Well_C,2001.5,Reservoir_1,31.4,0.245,2.162,172.58,0.184
Well_C,2002.0,Reservoir_1,25.0,0.301,2.156,,0.413
Well_C,2002.5,Reservoir_1,33.9,0.179,2.152,141.84,0.231
Well_C,2003.0,Reservoir_1,33.3,0.305,2.245,34.72,0.244
Well_C,2003.5,Reservoir_1,36.9,0.27,2.208,54.43,0.172
Well_C,2004.0,Reservoir_1,46.9,0.261,2.138,,0.172
Well_C,2004.5,Reservoir_1,25.4,0.269,2.088,36.56,0.307
Well_C,2005.0,Reservoir_1,38.5,0.235,2.258,186.4,0.315
Well_C,2005.5,Reservoir_1,33.1,0.229,2.163,57.03,0.137
Well_C,2006.0,Reservoir_1,36.9,0.252,2.124,,0.265
Well_C,2006.5,Reservoir_1,38.0,0.289,2.135,,0.262
Well_C,2007.0,Reservoir_1,32.4,0.229,2.184,232.08,0.157
Well_C,2007.5,Reservoir_1,47.4,0.328,2.184,448.16,0.103
Well_C,2008.0,Reservoir_1,29.8,0.258,2.187,89.37,0.376
Well_C,2008.5,Reservoir_1,,0.2,2.245,224.49,0.259
Well_C,2009.0,Reservoir_1,33.4,0.197,2.258,96.01,0.36
Well_C,2009.5,Reservoir_1,57.0,0.305,2.164,742.79,0.272
Well_C,2010.0,Reservoir_1,23.5,0.281,2.243,63.47,0.247
Well_C,2010.5,Reservoir_1,27.8,0.298,2.138,81.08,0.26
Well_C,2011.0,Reservoir_1,33.2,0.27,2.166,320.04,0.284
Well_C,2011.5,Reservoir_1,23.8,0.237,2.116,49.9,0.196
Well_C,2012.0,Reservoir_1,38.0,0.303,2.134,184.79,0.239
Well_C,2012.5,Reservoir_1,31.1,0.264,2.189,88.25,0.197
Well_C,2013.0,Reservoir_1,37.6,0.281,2.229,375.4,0.124
Well_C,2013.5,Reservoir_1,34.4,0.297,2.206,123.46,0.354
Well_C,2014.0,Reservoir_1,33.3,0.355,2.281,180.84,0.253
Well_C,2014.5,Reservoir_1,41.3,0.232,2.207,41.45,0.105
Well_C,2015.0,Reservoir_1,28.0,0.345,2.269,169.76,0.207
Well_C,2015.5,Reservoir_1,52.8,0.323,2.152,121.24,0.147
Well_C,2016.0,Reservoir_1,51.7,0.309,2.14,52.13,0.406
Well_C,2016.5,Reservoir_1,42.6,0.204,2.147,44.45,0.283
Well_C,2017.0,Reservoir_1,,0.213,2.251,102.86,0.143
Well_C,2017.5,Reservoir_1,16.3,0.236,2.19,417.47,0.212
Well_C,2018.0,Reservoir_1,26.1,0.275,,,0.253
Well_C,2018.5,Reservoir_1,52.9,0.265,2.155,27.16,0.167
Well_C,2019.0,Reservoir_1,47.5,0.2,2.198,51.42,0.129
Well_C,2019.5,Reservoir_1,18.1,0.274,2.232,77.95,0.161
Well_C,2020.0,Reservoir_1,28.7,0.254,2.219,169.11,0.281
Well_C,2020.5,Reservoir_1,38.0,0.262,2.114,73.59,0.28
Well_C,2021.0,Reservoir_1,26.8,0.257,2.158,892.57,0.173
Well_C,2021.5,Reservoir_1,39.5,0.26,2.188,117.43,
Well_C,2022.0,Reservoir_1,45.9,0.268,2.238,165.84,0.089
Well_C,2022.5,Reservoir_1,47.3,0.265,2.18,84.36,0.243
Well_C,2023.0,Reservoir_1,,0.312,2.112,361.19,0.249
Well_C,2023.5,Reservoir_1,44.4,0.249,2.146,156.26,
Well_C,2024.0,Reservoir_1,29.0,0.295,2.158,73.34,0.204
Well_C,2024.5,Reservoir_1,50.4,,2.181,135.48,0.243
Well_C,2025.0,Reservoir_1,45.3,0.286,2.253,153.37,0.268
Well_C,2025.5,Reservoir_1,36.7,0.215,2.202,,0.243
Well_C,2026.0,Reservoir_1,31.2,0.234,2.184,78.96,0.337
Well_C,2026.5,Reservoir_1,43.8,0.223,2.149,47.48,0.206
Well_C,2027.0,Transition,93.2,0.193,2.356,,0.642
Well_C,2027.5,Transition,76.2,0.11,2.353,27.3,0.513
Well_C,2028.0,Transition,80.1,0.117,,,0.7
Well_C,2028.5,Transition,72.8,0.213,2.41,33.82,0.629
Well_C,2029.0,Transition,79.2,,2.302,13.97,0.542
Well_C,2029.5,Transition,76.9,0.098,2.32,,0.593
Well_C,2030.0,Transition,69.2,0.169,2.37,19.24,0.674
Well_C,2030.5,Transition,89.9,0.163,2.426,,0.721
Well_C,2031.0,Transition,78.3,0.176,2.299,14.95,0.537
Well_C,2031.5,Transition,77.0,0.217,2.253,12.48,0.641
Well_C,2032.0,Transition,65.7,0.179,2.448,5.27,0.644
Well_C,2032.5,Transition,79.3,0.195,2.399,7.17,0.57
Well_C,2033.0,Transition,,0.175,2.291,6.16,0.703
Well_C,2033.5,Transition,73.1,0.137,2.352,8.93,0.613
Well_C,2034.0,Transition,,0.13,2.416,14.55,0.659
Well_C,2034.5,Transition,62.8,0.159,2.352,7.32,0.624
Well_C,2035.0,Transition,78.0,0.14,2.356,9.06,0.712
Well_C,2035.5,Transition,83.7,0.145,,15.95,0.682
Well_C,2036.0,Transition,77.9,0.146,2.295,16.44,0.684
Well_C,2036.5,Transition,75.0,0.185,,21.49,0.527
Well_C,2037.0,Reservoir_2,37.1,0.313,2.22,52.71,0.347
Well_C,2037.5,Reservoir_2,49.6,0.25,2.252,86.8,0.229
Well_C,2038.0,Reservoir_2,39.1,0.175,2.219,,0.323
Well_C,2038.5,Reservoir_2,43.0,0.265,2.298,93.6,0.29
Well_C,2039.0,Reservoir_2,26.0,0.179,2.215,408.19,0.285
Well_C,2039.5,Reservoir_2,53.4,0.208,2.297,92.42,0.284
Well_C,2040.0,Reservoir_2,,0.285,2.208,82.11,0.197
Well_C,2040.5,Reservoir_2,31.3,0.225,2.276,108.07,0.289
Well_C,2041.0,Reservoir_2,,0.241,2.241,,0.367
Well_C,2041.5,Reservoir_2,43.4,0.196,2.209,120.76,0.284
Well_C,2042.0,Reservoir_2,27.7,,2.173,233.76,0.229
Well_C,2042.5,Reservoir_2,52.1,0.336,2.146,95.87,0.262
Well_C,2043.0,Reservoir_2,,0.261,2.279,244.46,0.418
Well_C,2043.5,Reservoir_2,51.3,0.241,2.239,65.55,0.331
Well_C,2044.0,Reservoir_2,62.2,0.278,2.132,143.2,0.197
Well_C,2044.5,Reservoir_2,30.1,0.225,2.249,74.12,0.11
Well_C,2045.0,Reservoir_2,31.1,0.226,2.255,173.35,0.323
Well_C,2045.5,Reservoir_2,60.7,,,104.73,0.43
Well_C,2046.0,Reservoir_2,34.7,,2.261,162.11,0.272
Well_C,2046.5,Reservoir_2,15.2,0.246,2.131,33.17,0.255
Well_C,2047.0,Reservoir_2,63.6,0.237,2.29,,0.195
Well_C,2047.5,Reservoir_2,32.3,0.274,2.238,122.29,0.246
Well_C,2048.0,Reservoir_2,,0.216,2.195,399.37,0.394
Well_C,2048.5,Reservoir_2,15.5,0.227,2.281,145.28,0.386
Well_C,2049.0,Reservoir_2,12.8,0.209,2.259,142.01,0.378
Well_C,2049.5,Reservoir_2,56.9,0.271,2.188,26.94,0.28
Well_C,2050.0,Reservoir_2,42.4,0.204,2.215,48.3,0.354
Well_C,2050.5,Reservoir_2,38.1,0.269,2.167,91.83,0.312
Well_C,2051.0,Reservoir_2,34.4,0.194,2.188,259.4,0.307
Well_C,2051.5,Reservoir_2,28.5,0.261,2.23,,0.368
Well_C,2052.0,Reservoir_2,38.3,0.221,2.243,260.1,0.281
Well_C,2052.5,Reservoir_2,52.7,0.206,2.28,145.18,0.324
Well_C,2053.0,Reservoir_2,29.9,0.176,2.156,23.87,0.13
Well_C,2053.5,Reservoir_2,,0.164,2.209,225.86,0.286
Well_C,2054.0,Reservoir_2,44.7,0.211,2.295,101.2,0.274
Well_C,2054.5,Reservoir_2,51.8,0.292,2.234,237.33,0.262
Well_C,2055.0,Reservoir_2,36.9,0.113,,53.2,0.281
Well_C,2055.5,Reservoir_2,43.7,0.227,2.193,132.26,0.408
Well_C,2056.0,Reservoir_2,56.8,0.219,2.166,35.03,
Well_C,2056.5,Reservoir_2,46.8,0.243,2.144,62.42,0.329
Well_C,2057.0,Reservoir_2,56.5,0.255,2.106,41.55,
Well_C,2057.5,Reservoir_2,47.3,0.303,2.24,114.26,0.194
Well_C,2058.0,Reservoir_2,68.8,0.242,2.292,110.33,0.275
Well_C,2058.5,Reservoir_2,44.2,0.206,2.256,185.46,0.345
Well_C,2059.0,Reservoir_2,36.9,0.271,2.204,136.05,
Well_C,2059.5,Reservoir_2,28.8,0.294,2.197,124.71,0.258
Well_C,2060.0,Reservoir_2,57.8,0.258,2.251,44.82,0.22
Well_C,2060.5,Reservoir_2,30.5,0.228,2.127,59.86,0.303
Well_C,2061.0,Basement,99.4,0.03,2.775,609.75,0.993
Well_C,2061.5,Basement,61.2,,2.71,336.05,0.946
Well_C,2062.0,Basement,,0.1,2.662,458.74,0.95
Well_C,2062.5,Basement,,0.03,2.598,286.21,0.995
Well_C,2063.0,Basement,68.0,0.033,2.8,1259.05,0.921
Well_C,2063.5,Basement,105.1,0.03,2.604,,0.937
Well_C,2064.0,Basement,91.2,0.042,2.664,1318.78,0.978
Well_C,2064.5,Basement,51.2,0.03,2.662,611.56,0.993
Well_C,2065.0,Basement,102.2,0.072,2.52,190.25,0.982
Well_C,2065.5,Basement,62.8,0.034,2.62,1944.17,0.976
Well_C,2066.0,Basement,81.5,0.047,2.701,,0.949
Well_C,2066.5,Basement,67.8,0.03,2.744,931.45,0.959
Well_C,2067.0,Basement,77.6,0.03,2.735,518.0,0.979
Well_C,2067.5,Basement,95.1,0.03,2.683,,0.928
Well_C,2068.0,Basement,72.4,0.03,2.646,527.54,1.0
Well_C,2068.5,Basement,79.6,,2.608,554.15,0.989
Well_C,2069.0,Basement,,0.03,2.768,36.09,0.943
Well_C,2069.5,Basement,61.9,0.03,,631.54,0.969
Well_C,2070.0,Basement,93.6,0.03,,111.68,0.967
Well_C,2070.5,Basement,77.7,0.03,2.64,234.55,0.994
Well_C,2071.0,Basement,106.3,0.03,2.737,,
Well_C,2071.5,Basement,68.8,0.057,2.719,1844.14,0.945
Well_C,2072.0,Basement,76.5,0.039,2.679,569.99,0.978
Well_C,2072.5,Basement,82.5,0.03,2.689,333.18,0.98
Well_C,2073.0,Basement,79.5,0.044,2.655,1383.23,0.956
Well_C,2073.5,Basement,81.3,0.041,2.743,335.61,0.987
Well_C,2074.0,Basement,78.5,0.03,2.786,247.69,0.965
Well_C,2074.5,Basement,98.1,0.038,2.625,462.22,
Well_D,2025.0,Shale_Cap,103.3,0.179,2.514,3.12,0.907
Well_D,2025.5,Shale_Cap,125.1,0.116,2.521,3.34,0.975
Well_D,2026.0,Shale_Cap,126.0,0.183,2.607,3.18,0.951
Well_D,2026.5,Shale_Cap,122.2,0.157,2.571,,
Well_D,2027.0,Shale_Cap,116.2,,2.533,3.68,0.934
Well_D,2027.5,Shale_Cap,111.0,0.129,2.597,4.72,0.971
Well_D,2028.0,Shale_Cap,127.9,0.144,2.494,3.41,0.89
Well_D,2028.5,Shale_Cap,124.0,0.11,2.523,1.87,0.916
Well_D,2029.0,Shale_Cap,124.0,0.116,2.484,,0.933
Well_D,2029.5,Shale_Cap,117.0,0.148,2.525,4.89,0.933
Well_D,2030.0,Shale_Cap,121.2,0.115,2.51,5.07,0.938
Well_D,2030.5,Shale_Cap,118.7,0.08,2.558,4.13,0.988
Well_D,2031.0,Shale_Cap,135.6,0.095,2.534,3.66,0.98
Well_D,2031.5,Shale_Cap,127.1,,2.468,5.22,0.913
Well_D,2032.0,Shale_Cap,118.9,0.134,2.582,,0.961
Well_D,2032.5,Shale_Cap,110.6,0.112,2.532,3.37,0.894
Well_D,2033.0,Shale_Cap,131.3,0.121,2.472,5.44,0.958
Well_D,2033.5,Shale_Cap,,0.07,2.497,4.74,1.0
Well_D,2034.0,Shale_Cap,132.9,0.113,,6.85,0.928
Well_D,2034.5,Shale_Cap,112.8,0.129,2.528,,0.903
Well_D,2035.0,Shale_Cap,115.4,0.175,2.47,6.2,0.957
Well_D,2035.5,Shale_Cap,112.5,0.17,2.56,5.61,1.0
Well_D,2036.0,Shale_Cap,99.3,0.117,2.585,2.98,0.965
Well_D,2036.5,Shale_Cap,,,2.539,5.0,0.92
Well_D,2037.0,Reservoir_1,31.3,0.246,2.222,58.41,0.132
Well_D,2037.5,Reservoir_1,29.1,0.276,2.202,135.51,0.267
Well_D,2038.0,Reservoir_1,48.7,0.295,2.188,,0.165
Well_D,2038.5,Reservoir_1,38.7,0.36,2.201,70.67,0.233
Well_D,2039.0,Reservoir_1,30.0,,2.148,33.25,0.273
Well_D,2039.5,Reservoir_1,20.2,0.342,2.22,103.49,0.178
Well_D,2040.0,Reservoir_1,43.9,0.281,,78.99,0.24
Well_D,2040.5,Reservoir_1,46.6,0.291,2.17,321.47,0.218
Well_D,2041.0,Reservoir_1,32.5,0.333,2.164,,0.209
Well_D,2041.5,Reservoir_1,36.9,0.214,2.123,109.17,0.139
Well_D,2042.0,Reservoir_1,51.3,0.242,2.082,43.2,0.129
Well_D,2042.5,Reservoir_1,41.6,0.302,2.186,339.46,0.208
Well_D,2043.0,Reservoir_1,29.6,0.342,2.184,126.99,0.279
Well_D,2043.5,Reservoir_1,58.2,0.254,2.128,86.02,0.262
Well_D,2044.0,Reservoir_1,17.3,0.242,,191.34,0.214
Well_D,2044.5,Reservoir_1,42.5,0.299,2.179,,0.26
Well_D,2045.0,Reservoir_1,34.7,,2.104,191.14,0.199
Well_D,2045.5,Reservoir_1,31.1,0.319,2.145,60.96,0.199
Well_D,2046.0,Reservoir_1,36.7,0.321,2.199,227.1,0.293
Well_D,2046.5,Reservoir_1,45.4,0.289,,263.27,0.321
Well_D,2047.0,Reservoir_1,48.0,0.26,2.189,132.68,0.334
Well_D,2047.5,Reservoir_1,43.9,0.231,2.167,60.76,0.153
Well_D,2048.0,Reservoir_1,,0.247,2.17,47.31,0.298
Well_D,2048.5,Reservoir_1,15.7,0.291,2.191,320.65,0.331
Well_D,2049.0,Reservoir_1,32.7,0.389,2.174,117.24,0.202
Well_D,2049.5,Reservoir_1,28.7,0.32,2.137,130.02,0.153
Well_D,2050.0,Reservoir_1,49.2,0.25,2.207,36.89,
Well_D,2050.5,Reservoir_1,46.9,0.315,2.164,55.75,0.329
Well_D,2051.0,Reservoir_1,41.8,0.241,2.218,95.34,0.246
Well_D,2051.5,Reservoir_1,37.7,0.263,2.125,287.14,0.198
Well_D,2052.0,Reservoir_1,45.7,0.309,2.181,98.81,0.275
Well_D,2052.5,Reservoir_1,32.1,0.354,2.25,214.24,0.197
Well_D,2053.0,Reservoir_1,40.0,0.259,2.193,109.35,0.273
Well_D,2053.5,Reservoir_1,45.7,0.304,2.157,127.69,0.362
Well_D,2054.0,Reservoir_1,33.0,0.279,2.169,46.57,0.181
Well_D,2054.5,Reservoir_1,,0.286,2.247,,0.197
Well_D,2055.0,Reservoir_1,14.2,0.295,2.096,137.65,0.287
Well_D,2055.5,Reservoir_1,34.4,0.293,2.152,,0.123
Well_D,2056.0,Reservoir_1,33.8,0.308,2.139,178.09,0.206
Well_D,2056.5,Reservoir_1,49.3,0.271,2.141,508.61,0.174
Well_D,2057.0,Reservoir_1,25.6,0.256,2.192,63.16,0.122
Well_D,2057.5,Reservoir_1,49.5,0.285,2.139,78.94,0.268
Well_D,2058.0,Reservoir_1,68.5,0.266,2.22,53.96,0.293
Well_D,2058.5,Reservoir_1,41.8,0.318,2.225,151.8,0.106
Well_D,2059.0,Reservoir_1,44.6,0.254,2.142,54.2,
Well_D,2059.5,Reservoir_1,34.0,0.323,2.194,594.87,0.214
Well_D,2060.0,Reservoir_1,,0.3,2.156,,0.187
Well_D,2060.5,Reservoir_1,10.7,0.25,2.109,175.69,0.176
Well_D,2061.0,Reservoir_1,29.9,0.334,2.147,113.1,0.222
Well_D,2061.5,Reservoir_1,39.2,0.312,2.249,100.7,0.327
Well_D,2062.0,Reservoir_1,41.3,0.362,2.228,71.1,0.298
Well_D,2062.5,Reservoir_1,35.4,0.313,2.201,273.33,0.246
Well_D,2063.0,Reservoir_1,,0.266,2.173,,0.213
Well_D,2063.5,Reservoir_1,31.2,0.284,2.238,1005.01,0.227
Well_D,2064.0,Reservoir_1,55.4,0.277,2.263,40.63,0.225
Well_D,2064.5,Reservoir_1,42.3,,2.144,42.59,0.294
Well_D,2065.0,Reservoir_1,49.2,0.251,2.279,,0.15
Well_D,2065.5,Reservoir_1,38.1,0.278,2.192,274.86,0.15
Well_D,2066.0,Reservoir_1,46.2,0.233,2.158,84.91,0.096
Well_D,2066.5,Reservoir_1,34.8,0.299,2.251,151.59,
Well_D,2067.0,Transition,66.4,0.207,,16.02,0.608
Well_D,2067.5,Transition,71.0,0.225,2.382,46.69,0.666
Well_D,2068.0,Transition,79.8,0.198,2.391,13.64,0.534
Well_D,2068.5,Transition,69.1,0.232,2.397,24.94,0.62
Well_D,2069.0,Transition,,0.152,2.417,9.04,0.723
Well_D,2069.5,Transition,76.5,,2.372,15.69,0.602
Well_D,2070.0,Transition,75.9,0.203,2.324,7.22,0.687
Well_D,2070.5,Transition,76.5,0.176,2.33,15.46,0.66
Well_D,2071.0,Transition,77.9,0.18,2.366,7.56,0.598
Well_D,2071.5,Transition,66.3,0.203,2.428,11.97,0.527
Well_D,2072.0,Transition,73.2,0.224,2.442,8.79,0.575
Well_D,2072.5,Transition,76.2,0.191,2.325,6.77,0.58
Well_D,2073.0,Transition,75.4,0.205,2.337,,0.662
Well_D,2073.5,Transition,75.3,0.183,2.397,55.53,0.737
Well_D,2074.0,Transition,84.4,0.214,2.357,23.8,0.665
Well_D,2074.5,Transition,85.5,0.235,2.381,13.98,0.536
Well_D,2075.0,Transition,,0.172,,18.71,0.666
Well_D,2075.5,Transition,69.0,0.189,2.388,9.87,0.645
Well_D,2076.0,Transition,79.2,0.19,2.395,5.96,0.599
Well_D,2076.5,Transition,91.7,0.174,2.484,17.39,0.53
Well_D,2077.0,Reservoir_2,23.8,0.261,2.193,77.91,0.208
Well_D,2077.5,Reservoir_2,43.5,0.19,2.193,192.88,0.497
Well_D,2078.0,Reservoir_2,56.8,0.288,2.198,211.7,0.24
Well_D,2078.5,Reservoir_2,49.4,0.252,2.131,96.4,0.163
Well_D,2079.0,Reservoir_2,39.5,0.28,2.264,172.82,0.248
Well_D,2079.5,Reservoir_2,42.0,0.264,2.236,68.51,0.271
Well_D,2080.0,Reservoir_2,71.7,0.221,2.269,26.13,0.223
Well_D,2080.5,Reservoir_2,58.3,0.306,2.165,22.31,0.396
Well_D,2081.0,Reservoir_2,40.1,0.29,2.257,35.01,0.368
Well_D,2081.5,Reservoir_2,38.6,0.21,2.249,35.5,0.174
Well_D,2082.0,Reservoir_2,41.4,0.347,2.192,99.6,0.197
Well_D,2082.5,Reservoir_2,80.0,0.314,2.219,102.23,0.403
Well_D,2083.0,Reservoir_2,29.2,0.215,2.225,80.23,0.319
Well_D,2083.5,Reservoir_2,41.4,0.305,2.174,,0.202
Well_D,2084.0,Reservoir_2,43.8,0.301,2.168,,0.255
Well_D,2084.5,Reservoir_2,58.1,0.241,2.287,176.52,0.292
Well_D,2085.0,Reservoir_2,36.9,0.299,2.235,33.21,0.238
Well_D,2085.5,Reservoir_2,35.1,0.252,2.116,59.94,0.228
Well_D,2086.0,Reservoir_2,46.9,0.32,2.198,35.09,0.27
Well_D,2086.5,Reservoir_2,35.3,0.198,2.2,15.91,0.197
Well_D,2087.0,Reservoir_2,54.9,0.271,2.196,71.81,0.289
Well_D,2087.5,Reservoir_2,42.3,0.268,2.131,50.85,0.189
Well_D,2088.0,Reservoir_2,65.0,0.311,2.243,61.28,0.273
Well_D,2088.5,Reservoir_2,37.9,0.255,2.157,,0.186
Well_D,2089.0,Reservoir_2,31.0,0.187,2.127,79.57,0.331
Well_D,2089.5,Reservoir_2,40.9,0.236,2.211,,0.326
Well_D,2090.0,Reservoir_2,51.8,0.24,2.211,158.34,0.323
Well_D,2090.5,Reservoir_2,32.6,0.237,2.247,51.84,0.239
Well_D,2091.0,Reservoir_2,49.0,0.29,2.171,274.7,0.159
Well_D,2091.5,Reservoir_2,34.4,0.331,2.199,156.54,0.309
Well_D,2092.0,Reservoir_2,47.1,0.336,2.299,61.07,0.301
Well_D,2092.5,Reservoir_2,34.8,0.334,2.197,43.56,0.315
Well_D,2093.0,Reservoir_2,62.6,0.248,2.122,174.48,0.253
Well_D,2093.5,Reservoir_2,31.8,0.236,2.184,,0.268
Well_D,2094.0,Reservoir_2,40.9,0.254,2.305,280.75,0.322
Well_D,2094.5,Reservoir_2,58.4,0.217,2.172,120.64,0.34
Well_D,2095.0,Reservoir_2,43.9,0.208,2.157,195.06,0.305
Well_D,2095.5,Reservoir_2,40.5,0.241,2.177,196.66,0.351
Well_D,2096.0,Reservoir_2,21.4,,2.231,49.98,0.171
Well_D,2096.5,Reservoir_2,47.7,0.29,2.19,114.36,0.317
Well_D,2097.0,Reservoir_2,39.5,0.265,2.157,145.95,0.348
Well_D,2097.5,Reservoir_2,34.9,0.293,2.146,182.09,0.269
Well_D,2098.0,Reservoir_2,44.9,0.232,2.221,63.44,0.233
Well_D,2098.5,Reservoir_2,56.2,0.329,2.273,73.39,0.411
Well_D,2099.0,Reservoir_2,37.0,0.119,2.148,249.21,0.281
Well_D,2099.5,Reservoir_2,23.2,0.289,2.314,264.13,0.176
Well_D,2100.0,Reservoir_2,42.5,0.306,2.168,124.47,0.338
Well_D,2100.5,Reservoir_2,28.7,0.318,,172.74,0.246
Well_D,2101.0,Basement,104.5,0.077,2.756,472.85,0.995
Well_D,2101.5,Basement,54.6,0.051,2.542,289.95,1.0
Well_D,2102.0,Basement,74.3,0.075,2.695,1594.74,0.955
Well_D,2102.5,Basement,68.8,0.071,2.667,309.14,0.959
Well_D,2103.0,Basement,81.1,,2.584,577.49,0.971
Well_D,2103.5,Basement,102.8,0.103,2.626,,0.983
Well_D,2104.0,Basement,96.6,0.084,2.647,,0.943
Well_D,2104.5,Basement,89.1,0.047,2.528,476.25,0.967
Well_D,2105.0,Basement,84.1,0.08,2.654,296.2,0.961
Well_D,2105.5,Basement,,0.047,2.694,866.08,0.971
Well_D,2106.0,Basement,37.2,,2.65,582.17,0.984
Well_D,2106.5,Basement,124.0,0.06,2.66,117.49,0.956
Well_D,2107.0,Basement,,0.09,2.662,1253.38,0.988
Well_D,2107.5,Basement,49.6,0.072,2.66,266.15,0.979
Well_D,2108.0,Basement,75.3,,2.557,425.39,0.964
Well_D,2108.5,Basement,80.7,0.111,2.55,438.84,0.987
Well_D,2109.0,Basement,71.3,0.05,2.673,102.45,0.985
Well_D,2109.5,Basement,94.8,0.069,2.649,525.76,0.975
Well_D,2110.0,Basement,94.4,0.059,2.672,389.45,0.963
Well_D,2110.5,Basement,57.5,0.047,2.738,284.42,0.992
Well_D,2111.0,Basement,79.4,0.076,2.596,280.22,0.987
Well_D,2111.5,Basement,71.7,0.054,2.651,541.9,0.946
Well_D,2112.0,Basement,44.3,0.07,2.77,309.82,0.972
Well_D,2112.5,Basement,82.1,,2.536,198.79,0.977
Well_D,2113.0,Basement,103.2,0.042,2.616,661.46,1.0
Well_D,2113.5,Basement,47.6,0.03,2.7,758.19,0.96
Well_D,2114.0,Basement,59.0,0.059,2.665,1339.97,1.0
Well_D,2114.5,Basement,89.2,0.061,2.56,276.08,0.965
